{
  "precision": 0.727069351230425,
  "recall": 0.7158590308370044,
  "auc_roc": 0.8165440286585661,
  "accuracy": 0.7238723872387238
}